{
		"id":"handlerWidget",
		"title": "handlerWidget",
		"category": "GopiCustomWidgets",
		"description": "this widget for handler",
		"definition": "Handler.json",
		"preview": "images/caseinfo_preview.png",
		"icon": "images/caseinfo_icon.png",
		"runtimeClassName":"icmsample.gopi.pgwidget.handler.Handler",
		"help": "acmwrh126.htm",
		"previewThumbnail": "images/caseinfo_thumb.gif",
		"properties":[{
			"propertyType":"property",
			"type": "string",
			"id": "PreferredHeight",
			"defaultValue": "100%",
			"disabled":true,
			"required":false,
			"visibility":false,
			"title": "Preferred Height"
		},{
			"propertyType":"property",
			"type": "boolean",
			"id": "commentsAreReadOnly",
			"defaultValue": false,
			"required": true,
			"visibility": true,
			"title": "Comments are read only"
		}]
}