{
	"id": "TabbedPaneWidget",
	"title": "TabbedPane Widget",
	"category":"GopiCustomWidgets",
	"description":"this widget shows the tabContainer",
	"definition": "TabedContainerWidget.json",
	"preview": "images/caseinfo_preview.png",
	"icon": "images/caseinfo_icon.png",
	"runtimeClassName":"icmsample.gopi.pgwidget.tabbedlayout.RenderTabContainer",
	"help":"acmwrh126.htm",
	"previewThumbnail": "images/caseinfo_thumb.gif",
	"properties": [{
		"propertyType":"property",
		"type": "string",
		"id": "PreferredHeight",
		"defaultValue": "100%",
		"disabled": true,
		"required": false,
		"visibility": false,
		"title": "Preferred Height"
	},{
		"propertyType":"property",
		"type": "boolean",
		"id": "commentsAreReadOnly",
		"defaultValue": false,
		"required": true,
		"visibility": true,
		"title": " are read only"
	}]
}